{
    "Device Info": [
        {
            "sync_user_agent": "iGSA IOS-PHONE 113.0.5672.119 (7230655f395c9e573c0fc058a92cfd1676fd9dc2-refs/branch-heads/5672@{#1144}) channel(stable)",
            "device_type": "TYPE_PHONE",
            "chrome_version_info": {"version_number": "113.0.5672.119"},
            "signin_scoped_device_id": "3db002e2-9804-4c47-84ba-0362f4c072d5",
            "manufacturer": "Apple Inc.",
            "cache_guid": "z0yGXw3TAERmrEsfm8al1A==",
            "device_form_factor": "DEVICE_FORM_FACTOR_PHONE",
            "pulse_interval_in_minutes": 1440,
            "feature_fields": {"send_tab_to_self_receiving_enabled": false},
            "invalidation_fields": {"interested_data_type_ids": [154522]},
            "os_type": "OS_TYPE_IOS",
            "last_updated_timestamp": 1686054743078,
            "model": "iPhone15,3",
            "client_name": "iPhone15,3",
            "chrome_version": "113.0.5672.119"
}
    ]
}