{
    "Extensions": [
        {
            "remote_install": true,
            "disable_reasons": 2048,
            "update_url": "https://clients2.google.com/service/update2/crx",
            "name": "cgeeodpfagjceefieflmdfphplkenlfk",
            "id": "cgeeodpfagjceefieflmdfphplkenlfk",
            "version": "0",
            "enabled": false
},
        {
            "remote_install": true,
            "disable_reasons": 2048,
            "update_url": "https://clients2.google.com/service/update2/crx",
            "name": "aeachknmefphepccionboohckonoeemg",
            "id": "aeachknmefphepccionboohckonoeemg",
            "version": "0",
            "enabled": false
},
        {
            "remote_install": true,
            "disable_reasons": 2048,
            "update_url": "https://clients2.google.com/service/update2/crx",
            "name": "egjidjbpglichdcondbcbdnbeeppgdph",
            "id": "egjidjbpglichdcondbcbdnbeeppgdph",
            "version": "0",
            "enabled": false
},
        {
            "remote_install": true,
            "disable_reasons": 2048,
            "update_url": "https://clients2.google.com/service/update2/crx",
            "name": "inejiiekmjkmphgjjehhcmkpjncboodn",
            "id": "inejiiekmjkmphgjjehhcmkpjncboodn",
            "version": "0",
            "enabled": false
}
    ],
    "Extension Settings": []
}