{
    "Typed Url": [
        {
            "visits": [13324380809367363],
            "hidden": false,
            "title": "Just a moment...",
            "visit_transitions": [-1577058303],
            "url": "https://www.coingecko.com/?__cf_chl_rt_tk=Uad1W2DwGfDbjMR6bDlixjO5KwrZpFdVzR7LuPVH87Y-1679907209-0-gaNycGzNDPs"
},
        {
            "visits": [13327121623106096],
            "hidden": false,
            "title": "Download \u2013 Moorebot",
            "visit_transitions": [-1577058303],
            "url": "https://www.moorebot.com/pages/download"
},
        {
            "visits": [
                        13324230235698811,
                        13324230235698811,
                        13324230241485956,
                        13324282543864677,
                        13324282982473638,
                        13324283739018869,
                        13324286145869390,
                        13324393334034920
            ],
            "hidden": false,
            "title": "(1) Forbes Advisor | Facebook",
            "visit_transitions": [
                        268435456,
                        -2147483648,
                        301989889,
                        805306370,
                        939524096,
                        939524096,
                        805306370,
                        805306370
            ],
            "url": "https://www.facebook.com/forbesadvisor"
},
        {
            "visits": [13324380937144600],
            "hidden": false,
            "title": "Just a moment...",
            "visit_transitions": [-1577058303],
            "url": "https://www.coingecko.com/?__cf_chl_rt_tk=ADMM9qyPeLurvG8PJSBFcINUbo5ZjfNFfH46WqMOKmw-1679907336-0-gaNycGzNDGU"
},
        {
            "visits": [
                        13324185302830958,
                        13324185302830958,
                        13324185302830958,
                        13324278719993743,
                        13324435164120293,
                        13324438846750564,
                        13324445090715067,
                        13324978278026019
            ],
            "hidden": false,
            "title": "Get started with on-device encryption - iPhone &\u2026",
            "visit_transitions": [
                        268435457,
                        268435457,
                        268435457,
                        268435458,
                        268435457,
                        268435457,
                        268435457,
                        268435457
            ],
            "url": "https://support.google.com/accounts?p=settings_password_ode"
},
        {
            "visits": [
                        13329862990640763,
                        13329862990640763
            ],
            "hidden": false,
            "title": "On-device encryption",
            "visit_transitions": [
                        -1610612735,
                        -1610612735
            ],
            "url": "https://passwords.google.com/encryption/enroll/intro?utm_source=chrome&utm_medium=ios&utm_campaign=encryption_enroll&hl=en-US&pli=1"
},
        {
            "visits": [13316218747091672],
            "hidden": false,
            "title": "1_4918371525452628651.pgp",
            "visit_transitions": [301989889],
            "url": "https://docs.google.com/document/d/1GLnkobbP6Y9RaKlxmN4UJ_wOub99y2wQGoaOIY0Ro7s/edit?usp=sharing"
},
        {
            "visits": [13324185302830958],
            "hidden": false,
            "title": "Get started with on-device encryption - iPhone &\u2026",
            "visit_transitions": [-1610612735],
            "url": "https://support.google.com/accounts/answer/11350823?visit_id=638153085017912268-1447391895&p=settings_password_ode&rd=1"
},
        {
            "visits": [13316218747091672],
            "hidden": false,
            "title": "1_4918371525452628651.pgp",
            "visit_transitions": [-1577058303],
            "url": "https://docs.google.com/document/u/0/d/1GLnkobbP6Y9RaKlxmN4UJ_wOub99y2wQGoaOIY0Ro7s/mobilebasic"
},
        {
            "visits": [
                        13324153414335812,
                        13324153414335812,
                        13324185438834365,
                        13324189504360676,
                        13324217448613639,
                        13324217448613639,
                        13324217448613639,
                        13324217448613639,
                        13324217448613639,
                        13324217448613639,
                        13324217452230792,
                        13324217482667691,
                        13324380809367363,
                        13324380809367363,
                        13324380809367363,
                        13324380809367363,
                        13324380809367363,
                        13324380809367363,
                        13324380809367363,
                        13324380809367363,
                        13324380809367363,
                        13324380937144600,
                        13324380937144600,
                        13324380937144600,
                        13324380937144600,
                        13324380937144600,
                        13324380937144600,
                        13324380937144600,
                        13324380937144600,
                        13324380941621881,
                        13324380943687510,
                        13324430356712090,
                        13324432672761030,
                        13324812781845332,
                        13324980174060327,
                        13324981642193061,
                        13325610094904107
            ],
            "hidden": false,
            "title": "Cryptocurrency Prices, Charts, and Crypto Market\u2026",
            "visit_transitions": [
                        301989889,
                        301989889,
                        805306370,
                        805306370,
                        838860801,
                        301989889,
                        -2147483648,
                        1879048192,
                        1879048192,
                        -2147483648,
                        805306375,
                        805306375,
                        838860801,
                        301989889,
                        1073741824,
                        1879048192,
                        1879048192,
                        268435456,
                        805306368,
                        1879048192,
                        1073741824,
                        838860801,
                        301989889,
                        1073741824,
                        1879048192,
                        1879048192,
                        1879048192,
                        1879048192,
                        1073741824,
                        805306375,
                        805306375,
                        805306370,
                        805306368,
                        805306370,
                        838860801,
                        805306368,
                        838860801
            ],
            "url": "https://www.coingecko.com/"
},
        {
            "visits": [13324153414335812],
            "hidden": false,
            "title": "https://drive.google.com/file/d/1qY2Nq9bZsuK6ib_K\u2026",
            "visit_transitions": [-1577058303],
            "url": "https://www.google.com/search?q=https%3A%2F%2Fdrive.google.com%2Ffile%2Fd%2F1qY2Nq9bZsuK6ib_KmSr4DTFbOnAV22A0%2Fview%3Fusp%3Ddrivesdk&rlz=1CDGOYI_enUS1042US1043&hl=en-US&sourceid=chrome-mobile&ie=UTF-8#ss=1"
},
        {
            "visits": [13324981798249243],
            "hidden": false,
            "title": "XEN to PHP: XEN Crypto Price in Philippine Peso |\u2026",
            "visit_transitions": [805306369],
            "url": "https://www.coingecko.com/en/coins/xen-crypto/php"
},
        {
            "visits": [13324438846750564],
            "hidden": false,
            "title": "Get started with on-device encryption - iPhone &\u2026",
            "visit_transitions": [-1610612735],
            "url": "https://support.google.com/accounts/answer/11350823?visit_id=638155618264086622-4212596623&p=settings_password_ode&rd=1"
},
        {
            "visits": [
                        13321042656017120,
                        13321042813394633
            ],
            "hidden": false,
            "title": "CarMax - Shop for used cars, then buy online or at a store",
            "visit_transitions": [
                        838860801,
                        805306368
            ],
            "url": "https://www.carmax.com/"
},
        {
            "visits": [
                        13324981692597808,
                        13325551879011138
            ],
            "hidden": false,
            "title": "https://www.coingecko.com/en/coins/lido-staked-ether",
            "visit_transitions": [
                        805306369,
                        838860801
            ],
            "url": "https://www.coingecko.com/en/coins/lido-staked-ether"
},
        {
            "visits": [
                        13324444748820984,
                        13324444748820984,
                        13324815727440238,
                        13325395172816908
            ],
            "hidden": false,
            "title": "zkEVM Charts and Statistics | zkEVM",
            "visit_transitions": [
                        805306368,
                        838860801,
                        838860801,
                        805306370
            ],
            "url": "https://zkevm.polygonscan.com/charts"
},
        {
            "visits": [
                        13318021815685810,
                        13318021816772167,
                        13318022984033163,
                        13319165231909395,
                        13319165234798584,
                        13319165406507042,
                        13321042868454122,
                        13321073911386879
            ],
            "hidden": false,
            "title": "Used cars for Sale",
            "visit_transitions": [
                        301989889,
                        1610612736,
                        1895825408,
                        805306368,
                        805306368,
                        822083584,
                        805306368,
                        805306368
            ],
            "url": "https://www.carmax.com/cars/all"
},
        {
            "visits": [
                        13316046264005372,
                        13318023021598993
            ],
            "hidden": false,
            "title": "1040NOW Online Tax Preparation",
            "visit_transitions": [
                        301989889,
                        268435458
            ],
            "url": "http://1040now.com/"
},
        {
            "visits": [
                        13323798494763732,
                        13323798793120586,
                        13323804929492277,
                        13324283106895690,
                        13324343075244327,
                        13324369530909288,
                        13327570180453196,
                        13327627717437858,
                        13329969836869308,
                        13329969844486076,
                        13330195505708457,
                        13330195704434927,
                        13330195709743450,
                        13330195875052496,
                        13330284302068980
            ],
            "hidden": false,
            "title": "keybase.io",
            "visit_transitions": [
                        805306368,
                        805306370,
                        805306370,
                        805306370,
                        805306370,
                        805306370,
                        805306370,
                        805306370,
                        805306370,
                        822083586,
                        805306370,
                        822083586,
                        822083586,
                        838860801,
                        805306370
            ],
            "url": "https://keybase.io/docs/secadv/kb002"
},
        {
            "visits": [13324217448613639],
            "hidden": false,
            "title": "Just a moment...",
            "visit_transitions": [-1577058303],
            "url": "https://www.coingecko.com/?__cf_chl_rt_tk=WoYJ0zN8i0G.TnnYQWZ3Kj33jPCmZ5z5w43Amrmb6HM-1679743848-0-gaNycGzNDNA"
},
        {
            "visits": [13327121623106096],
            "hidden": false,
            "title": "Download \u2013 Moorebot",
            "visit_transitions": [301989889],
            "url": "http://moorebot.com/pages/download"
},
        {
            "visits": [13324435164120293],
            "hidden": false,
            "title": "Get started with on-device encryption - iPhone &\u2026",
            "visit_transitions": [-1610612735],
            "url": "https://support.google.com/accounts/answer/11350823?visit_id=638155583629429358-1188744355&p=settings_password_ode&rd=1"
},
        {
            "visits": [13324445090715067],
            "hidden": false,
            "title": "Get started with on-device encryption - iPhone &\u2026",
            "visit_transitions": [-1610612735],
            "url": "https://support.google.com/accounts/answer/11350823?visit_id=638155682895633704-1332524406&p=settings_password_ode&rd=1"
},
        {
            "visits": [
                        13324238807656923,
                        13324251884361153,
                        13324252323624244,
                        13324283338617361,
                        13324284121672772,
                        13324345212233189,
                        13324346116942235,
                        13325806866388097,
                        13325806953586601,
                        13325807228126366,
                        13325807490174998,
                        13326144761949224,
                        13326144769315113,
                        13326144895394951
            ],
            "hidden": false,
            "title": "binance - Google Search",
            "visit_transitions": [
                        805306370,
                        805306370,
                        838860801,
                        805306370,
                        805306370,
                        805306370,
                        805306370,
                        805306370,
                        838860801,
                        805306370,
                        805306370,
                        838860801,
                        855638017,
                        855638017
            ],
            "url": "https://www.google.com/search?q=binance&client=ms-android-verizon-us-rvc3&sourceid=chrome-mobile&ie=UTF-8"
},
        {
            "visits": [13324185302830958],
            "hidden": false,
            "title": "Get started with on-device encryption - iPhone &\u2026",
            "visit_transitions": [-1610612735],
            "url": "https://support.google.com/accounts/answer/11350823?visit_id=638153085017912268-1447391895&p=settings_password_ode&rd=1#zippy=%2Cdevices-that-can-sync-your-passwords"
},
        {
            "visits": [
                        13323923373863390,
                        13323923373863390,
                        13324153414335812,
                        13324153414335812,
                        13324153414335812,
                        13324153414335812
            ],
            "hidden": false,
            "title": "https://drive.google.com/file/d/1qY2Nq9bZsuK6ib_K\u2026",
            "visit_transitions": [
                        805306369,
                        805306369,
                        838860801,
                        838860801,
                        -2113929215,
                        -2113929215
            ],
            "url": "https://www.google.com/search?q=https%3A%2F%2Fdrive.google.com%2Ffile%2Fd%2F1qY2Nq9bZsuK6ib_KmSr4DTFbOnAV22A0%2Fview%3Fusp%3Ddrivesdk&rlz=1CDGOYI_enUS1042US1043&hl=en-US&sourceid=chrome-mobile&ie=UTF-8"
},
        {
            "visits": [
                        13316046264005372,
                        13318023021598993
            ],
            "hidden": false,
            "title": "1040NOW Online Tax Preparation",
            "visit_transitions": [
                        -2113929215,
                        -2147483646
            ],
            "url": "https://www.1040now.net/"
},
        {
            "visits": [13324978278026019],
            "hidden": false,
            "title": "Get started with on-device encryption - iPhone &\u2026",
            "visit_transitions": [-1610612735],
            "url": "https://support.google.com/accounts/answer/11350823?visit_id=638161014767306847-2582297014&p=settings_password_ode&rd=1"
},
        {
            "visits": [
                        13316046264005372,
                        13318023021598993
            ],
            "hidden": false,
            "title": "1040NOW Online Tax Preparation",
            "visit_transitions": [
                        -2113929215,
                        -2147483646
            ],
            "url": "http://www.1040now.net/"
},
        {
            "visits": [
                        13317589567795082,
                        13317589875063815
            ],
            "hidden": false,
            "title": "Important Travel Notices | Spirit Airlines",
            "visit_transitions": [
                        838860801,
                        855638017
            ],
            "url": "https://www.spirit.com/notices"
},
        {
            "visits": [
                        13327623935729365,
                        13327628833266906,
                        13327628833266906,
                        13327628833266906,
                        13329862074513208,
                        13329862074513208,
                        13329862923756432,
                        13329862923756432,
                        13329904274619562,
                        13329904274619562
            ],
            "hidden": false,
            "title": "Sign in - Google Accounts",
            "visit_transitions": [
                        -1610612736,
                        838860801,
                        838860801,
                        805306368,
                        805306370,
                        805306370,
                        838860801,
                        838860801,
                        838860801,
                        838860801
            ],
            "url": "https://accounts.google.com/info/unknownerror?TL=AG7eRGB2kUJSIcW8a2ym3PtLfwNvm-XPhtk7J8bXQMblc3XpkcO4CgmdcIFL3-Fr&checkConnection=youtube%3A424%3A0&checkedDomains=youtube&cid=11&continue=http%3A%2F%2Fsupport.google.com%2Fchrome%2Fanswer%2F165139%3Fsjid%3D14379309424579103648-NA&dsh=S1460395033%3A1683150284897679&flowEntry=ServiceLogin&flowName=GlifWebSignIn&hl=en&ifkv=Af_xneEnVzr10n15ZTSoLW3ZE5JnHmXvMwKd9HnT8PE-mtW119haHYDtynoi4kjYDFtAoXtF_sDHXA&pstMsg=1"
},
        {
            "visits": [
                        13329862990640763,
                        13329862990640763
            ],
            "hidden": false,
            "title": "On-device encryption",
            "visit_transitions": [
                        268435457,
                        268435457
            ],
            "url": "https://passwords.google.com/encryption/enroll/intro?utm_source=chrome&utm_medium=ios&utm_campaign=encryption_enroll&hl=en-US"
},
        {
            "visits": [
                        13324815755819296,
                        13324977775557212,
                        13324977775557212
            ],
            "hidden": false,
            "title": "$5.89 | Uniswap (UNI) Token Tracker | Etherscan",
            "visit_transitions": [
                        805306368,
                        1879048192,
                        838860801
            ],
            "url": "https://etherscan.io/token/0x1f9840a85d5aF5bf1D1762F925BDADdC4201F984"
},
        {
            "visits": [13324153414335812],
            "hidden": false,
            "title": "https://drive.google.com/file/d/1qY2Nq9bZsuK6ib_K\u2026",
            "visit_transitions": [-1577058303],
            "url": "https://www.google.com/search?q=https%3A%2F%2Fdrive.google.com%2Ffile%2Fd%2F1qY2Nq9bZsuK6ib_KmSr4DTFbOnAV22A0%2Fview%3Fusp%3Ddrivesdk&rlz=1CDGOYI_enUS1042US1043&hl=en-US&sourceid=chrome-mobile&ie=UTF-8#ss="
},
        {
            "visits": [13327121623106096],
            "hidden": false,
            "title": "Download \u2013 Moorebot",
            "visit_transitions": [-2113929215],
            "url": "https://moorebot.com/pages/download"
},
        {
            "visits": [13324230241485956],
            "hidden": false,
            "title": "Facebook",
            "visit_transitions": [-1577058303],
            "url": "https://m.facebook.com/forbesadvisor?wtsid=rdr_0JI7dUdyHTEfrDLem"
},
        {
            "visits": [
                        13329090329209875,
                        13329797202557526,
                        13329797202557526,
                        13329817813617476,
                        13329817813617476,
                        13329832179298787,
                        13329862913865469,
                        13329862918864896
            ],
            "hidden": false,
            "title": "home.apache.org/~chrisd/088335A9.asc",
            "visit_transitions": [
                        805306368,
                        1879048192,
                        838860801,
                        1879048192,
                        838860801,
                        805306368,
                        805306370,
                        805306370
            ],
            "url": "http://home.apache.org/~chrisd/088335A9.asc"
},
        {
            "visits": [13324185302830958],
            "hidden": false,
            "title": "Get started with on-device encryption - iPhone &\u2026",
            "visit_transitions": [-1610612735],
            "url": "https://support.google.com/accounts/answer/11350823?visit_id=638153085017912268-1447391895&p=settings_password_ode&rd=1#zippy="
}
    ]
}