{
    "Apps": [
        {"extension": {
            "remote_install": true,
            "disable_reasons": 2048,
            "update_url": "https://clients2.google.com/service/update2/crx",
            "name": "mljpablpddhocfbnokacjggdbmafjnon",
            "id": "mljpablpddhocfbnokacjggdbmafjnon",
            "version": "0",
            "enabled": false
}}
    ],
    "App Settings": [],
    "Preferences": [
        {
            "name": "https_only_mode_enabled",
            "value": "true"
},
        {
            "name": "download.prompt_for_download_android",
            "value": "1"
},
        {
            "name": "ios.ntp.supervised.content_suggestions_enabled",
            "value": "true"
},
        {
            "name": "ios.prerender.network_prediction_settings",
            "value": "2"
},
        {
            "name": "intl.selected_languages",
            "value": "\"en-US\""
},
        {
            "name": "price_tracking.email_notifications_enabled",
            "value": "true"
},
        {
            "name": "search.contextual_search_enabled",
            "value": "\"false\""
},
        {
            "name": "profile.cookie_controls_mode",
            "value": "0"
},
        {
            "name": "search.contextual_search_fully_opted_in",
            "value": "false"
},
        {
            "name": "safebrowsing.enabled",
            "value": "true"
},
        {
            "name": "translate_ignored_count_for_language",
            "value": "{\"de\":0,\"es\":0}"
},
        {
            "name": "autofill.profile_enabled",
            "value": "false"
},
        {
            "name": "translate_site_blocklist_with_time",
            "value": "{}"
},
        {
            "name": "enable_do_not_track",
            "value": "true"
},
        {
            "name": "translate_denied_count_for_language",
            "value": "{\"de\":0,\"es\":0}"
},
        {
            "name": "translate_recent_target",
            "value": "\"en\""
},
        {
            "name": "intl.accept_languages",
            "value": "\"en-US\""
},
        {
            "name": "sharing.vapid_key",
            "value": "{\"vapid_creation_timestamp\":\"13313883383653042\",\"vapid_private_key\":\"MIGHAgEAMBMGByqGSM49AgEGCCqGSM49AwEHBG0wawIBAQQgAR4T3xBAK9mYSbVtqLdmkiiBc2o8DMAHsji7LoWfSyKhRANCAATzhcaG1vyvVa/eGEQegjZPbQZR+xvKiDwpe27+zBvnPHfoVQvSYREUYCeCbJK8uplQo6DXErZlBRqLGs5aNDRv\"}"
},
        {
            "name": "translate_accepted_count",
            "value": "{\"de\":2,\"es\":1}"
},
        {
            "name": "translate_site_blacklist",
            "value": "[]"
},
        {
            "name": "sync.demographics_birth_year_offset",
            "value": "0"
}
    ],
    "Priority Preferences": [
        {"preference": {
            "name": "credentials_password_manager_warm_welcome_last_seen",
            "value": "2023-05-09T21:50:32.874223Z"
}},
        {"preference": {
            "name": "credentials_enable_service",
            "value": "true"
}},
        {"preference": {
            "name": "safebrowsing.aesb_update_time_windows_epoch_micros",
            "value": "\"13315173850775315\""
}},
        {"preference": {
            "name": "credentials_need_first_time_welcome",
            "value": "false"
}},
        {"preference": {
            "name": "sync.demographics",
            "value": "{\"gender\":2,\"birth_year\":1974}"
}},
        {"preference": {
            "name": "credentials_enable_sync",
            "value": "true"
}},
        {"preference": {
            "name": "credentials_enable_autosignin",
            "value": "true"
}},
        {"preference": {
            "name": "profile.credentials_last_password_checkup_time",
            "value": "\"13330033826015231\""
}},
        {"preference": {
            "name": "credentials_enable_passwordalerts",
            "value": "true"
}}
    ],
    "Themes": [],
    "Web Apps": []
}